id,also_enjoy_ids
3,[]
6,[]
10,[]
20,[]
24,"[""1239""]"
25,[]
26,[]
27,[]
28,[]
29,[]
31,[]
32,[]
33,"[""3149""]"
36,[]
39,[]
40,[]
42,[]
45,[]
46,[]
47,"[""1139"",""1144""]"
53,[]
55,[]
56,[]
59,"[""3725""]"
60,[]
61,[]
62,[]
63,[]
64,[]
67,[]
68,"[""3725""]"
70,[]
71,[]
74,[]
75,[]
76,[]
77,[]
92,[]
100,[]
104,[]
124,[]
146,[]
147,[]
148,[]
149,[]
150,[]
151,[]
152,[]
153,"[""3309""]"
154,[]
155,[]
156,[]
157,"[""1165""]"
158,"[""217"",""1205"",""2527""]"
159,[]
160,[]
161,[]
163,[]
164,"[""986""]"
165,[]
167,"[""2706""]"
168,"[""322""]"
169,[]
171,[]
174,[]
175,[]
176,[]
179,"[""548""]"
182,"[""322"",""2523""]"
184,[]
187,[]
189,[]
190,[]
192,[]
194,[]
195,[]
197,[]
199,[]
200,[]
201,[]
202,[]
203,[]
204,[]
205,[]
207,[]
208,[]
209,[]
210,[]
211,[]
214,[]
216,[]
217,[]
218,[]
219,[]
220,[]
222,[]
226,[]
228,"[""3328""]"
229,[]
232,[]
233,[]
234,[]
235,[]
236,[]
237,"[""857""]"
239,[]
240,[]
241,"[""1070"",""1071""]"
242,[]
243,[]
244,"[""1276""]"
245,[]
247,[]
248,[]
249,"[""1017""]"
250,"[""1166""]"
251,[]
252,"[""590"",""1277"",""3328""]"
253,"[""3051""]"
254,"[""309"",""571"",""2920""]"
255,"[""2419""]"
257,[]
258,[]
259,[]
260,[]
261,[]
263,[]
265,"[""3123""]"
266,[]
268,[]
269,"[""2911""]"
270,"[""3051""]"
271,[]
275,"[""2928""]"
277,[]
278,[]
279,[]
280,[]
281,"[""1026""]"
283,[]
284,"[""484""]"
285,[]
287,[]
288,[]
289,[]
291,[]
292,[]
293,[]
294,[]
295,[]
296,[]
299,[]
300,[]
301,[]
302,[]
304,[]
305,"[""167""]"
307,[]
308,[]
309,"[""254""]"
310,[]
311,[]
312,[]
314,[]
315,[]
316,[]
317,[]
318,[]
319,[]
320,[]
322,[]
323,[]
324,[]
326,[]
329,[]
330,[]
334,[]
336,[]
337,[]
338,[]
339,[]
341,[]
342,[]
343,[]
344,[]
347,"[""2656""]"
354,[]
355,[]
357,[]
359,[]
361,[]
363,[]
366,[]
368,[]
369,[]
371,[]
372,[]
373,"[""10""]"
374,[]
376,[]
377,[]
378,[]
380,[]
381,[]
382,[]
383,[]
384,"[""255""]"
385,"[""296""]"
386,[]
390,[]
391,[]
392,[]
393,[]
394,[]
395,[]
396,[]
397,[]
399,[]
401,[]
402,[]
404,[]
406,"[""758""]"
407,[]
409,[]
411,[]
412,[]
413,"[""3019""]"
414,[]
415,[]
416,"[""459"",""3007""]"
418,"[""1121"",""2981"",""3328""]"
419,[]
420,[]
421,[]
422,[]
425,"[""294""]"
426,[]
428,[]
430,[]
432,[]
433,"[""860"",""3113""]"
434,[]
435,[]
438,[]
439,[]
440,"[""937""]"
443,[]
445,"[""2726"",""3203""]"
448,[]
451,[]
452,[]
454,[]
459,"[""416""]"
462,[]
464,[]
466,[]
467,[]
468,[]
471,[]
474,[]
475,[]
477,[]
479,[]
484,"[""284""]"
485,"[""778""]"
488,[]
492,[]
493,[]
496,[]
510,[]
512,[]
515,"[""3096""]"
518,[]
519,[]
522,[]
524,[]
526,[]
527,[]
529,[]
531,[]
532,"[""28""]"
535,[]
537,[]
538,"[""725""]"
539,"[""590""]"
544,[]
546,"[""3051""]"
547,[]
548,[]
549,[]
554,[]
556,[]
558,[]
564,[]
568,[]
571,"[""254"",""2920""]"
573,[]
574,[]
577,[]
579,[]
580,[]
585,[]
586,[]
588,[]
589,[]
590,"[""1239""]"
591,[]
594,[]
595,[]
596,[]
597,[]
599,"[""253""]"
600,"[""1259"",""1284""]"
606,"[""159""]"
607,[]
609,"[""3214""]"
611,[]
612,[]
615,"[""378""]"
620,[]
621,[]
623,[]
625,[]
626,[]
627,[]
628,[]
630,[]
631,"[""2781""]"
633,"[""92""]"
635,[]
636,[]
637,[]
638,[]
639,[]
641,[]
642,[]
643,[]
644,[]
645,[]
646,[]
647,[]
648,[]
650,[]
651,[]
654,[]
659,[]
660,[]
661,[]
663,[]
664,[]
666,[]
678,[]
694,[]
698,[]
700,[]
701,[]
702,[]
704,"[""254""]"
707,[]
708,"[""419""]"
709,[]
710,[]
712,[]
716,"[""39"",""725""]"
717,"[""774""]"
718,"[""725""]"
719,[]
720,[]
721,[]
722,[]
723,"[""241""]"
724,[]
725,"[""39"",""716""]"
727,[]
729,[]
730,[]
731,"[""254""]"
733,"[""1070""]"
734,[]
735,[]
737,[]
738,[]
740,[]
741,[]
742,[]
745,[]
747,[]
749,[]
751,[]
752,[]
754,[]
755,[]
756,[]
757,[]
758,[]
759,[]
761,[]
762,[]
763,[]
764,[]
765,[]
766,"[""2709""]"
767,"[""758"",""3135""]"
769,[]
770,[]
773,[]
774,[]
775,[]
776,[]
778,[]
780,"[""28""]"
781,[]
782,"[""857""]"
783,[]
784,[]
785,[]
786,[]
787,[]
788,[]
789,[]
790,[]
791,[]
793,[]
794,"[""2771""]"
796,[]
797,[]
798,[]
801,[]
802,[]
804,[]
805,[]
806,[]
807,[]
808,"[""758""]"
810,"[""1131""]"
811,[]
812,[]
814,[]
816,[]
818,[]
819,[]
820,[]
821,[]
824,[]
825,"[""201""]"
827,"[""247"",""590""]"
828,[]
829,"[""860"",""2996"",""3113""]"
830,"[""3214""]"
831,[]
832,[]
834,[]
835,[]
838,[]
845,[]
846,[]
847,[]
849,[]
851,[]
852,[]
853,"[""3156""]"
854,[]
855,[]
856,[]
857,"[""857""]"
860,"[""902"",""2996"",""3120""]"
861,"[""2833""]"
864,"[""269"",""2911""]"
866,[]
867,[]
868,[]
869,[]
870,[]
871,[]
872,[]
873,[]
874,[]
876,[]
879,[]
882,"[""937"",""943""]"
884,[]
885,[]
886,[]
887,[]
888,[]
890,"[""1131""]"
892,[]
893,[]
897,[]
898,"[""758""]"
899,[]
900,[]
902,"[""860"",""3113""]"
903,[]
905,[]
909,[]
910,[]
912,[]
913,[]
915,[]
916,[]
917,[]
918,[]
920,[]
924,[]
926,"[""148""]"
927,[]
929,[]
930,[]
932,"[""2771""]"
933,[]
934,"[""1275""]"
935,"[""3199""]"
937,"[""440""]"
938,[]
939,[]
940,[]
941,[]
943,"[""716"",""1125"",""3237""]"
945,[]
946,[]
947,[]
949,[]
951,[]
952,[]
953,[]
954,[]
955,"[""60""]"
956,[]
957,[]
966,[]
968,"[""239""]"
971,[]
972,[]
974,[]
975,[]
976,[]
978,[]
981,[]
982,[]
983,[]
984,[]
985,[]
986,[]
987,[]
988,[]
989,[]
990,[]
991,"[""758"",""1014"",""2759"",""3015""]"
993,"[""39""]"
994,[]
995,[]
996,[]
1001,[]
1002,[]
1003,[]
1004,[]
1005,[]
1006,[]
1007,[]
1008,[]
1009,[]
1010,[]
1011,[]
1014,[]
1015,[]
1016,[]
1017,[]
1018,[]
1021,[]
1022,[]
1023,[]
1024,[]
1025,[]
1026,[]
1027,[]
1028,[]
1029,[]
1035,[]
1037,[]
1040,[]
1041,[]
1043,"[""1292""]"
1044,[]
1045,[]
1046,[]
1047,[]
1048,"[""2768""]"
1049,[]
1053,[]
1058,[]
1059,[]
1060,[]
1061,[]
1064,[]
1065,[]
1066,[]
1069,[]
1070,"[""590""]"
1071,"[""590""]"
1072,"[""590""]"
1073,[]
1074,"[""1276""]"
1075,[]
1076,"[""590""]"
1077,[]
1078,"[""590""]"
1079,"[""590"",""1127""]"
1080,"[""2687""]"
1083,[]
1085,[]
1087,[]
1088,[]
1089,[]
1090,[]
1091,[]
1092,[]
1093,"[""1133""]"
1095,[]
1097,[]
1098,[]
1099,[]
1100,[]
1101,[]
1102,[]
1103,[]
1104,[]
1105,[]
1106,[]
1107,[]
1108,[]
1110,[]
1112,[]
1113,"[""716""]"
1114,[]
1115,[]
1116,[]
1117,[]
1118,[]
1119,[]
1120,[]
1121,[]
1122,[]
1123,"[""2743"",""2905""]"
1124,"[""2660"",""2743""]"
1125,"[""1125"",""2743"",""3237""]"
1126,"[""2660"",""2743""]"
1127,"[""2660"",""2743""]"
1128,"[""2660"",""2743"",""2905""]"
1129,"[""3123""]"
1130,[]
1131,"[""2660"",""2743""]"
1132,"[""1078"",""2743""]"
1133,"[""2660"",""2743""]"
1134,"[""2743""]"
1135,"[""2660"",""2743"",""2905""]"
1136,[]
1137,[]
1138,"[""1292""]"
1139,[]
1142,[]
1143,[]
1144,[]
1145,[]
1146,[]
1149,[]
1150,[]
1151,"[""254""]"
1152,"[""39""]"
1155,[]
1157,[]
1161,[]
1164,[]
1165,[]
1166,[]
1167,[]
1171,[]
1172,[]
1174,[]
1177,[]
1178,[]
1179,"[""725""]"
1180,[]
1181,[]
1182,[]
1183,[]
1185,[]
1186,[]
1187,[]
1189,[]
1194,[]
1196,[]
1197,"[""189""]"
1199,[]
1200,[]
1201,[]
1203,[]
1204,[]
1205,"[""158""]"
1206,[]
1207,[]
1209,[]
1211,"[""104""]"
1212,[]
1213,[]
1214,[]
1215,"[""1216"",""1245""]"
1216,"[""1215"",""1245""]"
1217,"[""1215""]"
1218,[]
1219,[]
1221,[]
1222,[]
1224,"[""1016""]"
1225,[]
1226,"[""24""]"
1228,[]
1229,[]
1230,[]
1231,[]
1232,[]
1233,[]
1234,[]
1235,[]
1236,[]
1239,"[""590""]"
1240,[]
1241,[]
1242,[]
1243,[]
1244,[]
1245,"[""1215"",""1216""]"
1247,[]
1248,[]
1250,[]
1251,[]
1253,"[""2882""]"
1254,[]
1255,[]
1256,[]
1259,[]
1261,[]
1262,[]
1263,[]
1264,"[""3336""]"
1266,[]
1267,[]
1268,[]
1270,[]
1271,"[""240"",""3051""]"
1273,"[""2920""]"
1275,"[""245"",""2771""]"
1276,"[""234"",""249"",""1292""]"
1277,"[""163"",""1292""]"
1278,"[""1292""]"
1279,"[""248"",""1292""]"
1283,[]
1284,[]
1285,[]
1287,"[""1287""]"
1288,[]
1289,[]
1290,[]
1291,[]
1293,[]
1294,[]
1295,[]
1298,[]
1299,[]
1300,[]
1301,[]
1302,"[""1024""]"
1303,[]
1305,[]
1306,[]
1307,[]
1309,[]
1310,[]
1311,[]
1314,"[""1316""]"
1316,"[""1314"",""2756""]"
1317,[]
1318,[]
1319,[]
1321,"[""934"",""1314"",""2756""]"
1325,[]
1326,[]
1328,[]
1330,"[""2655"",""2753"",""3329""]"
1331,[]
1335,[]
1336,[]
1339,[]
1340,[]
1341,[]
1342,[]
1345,[]
1346,"[""3214""]"
1348,[]
1349,[]
1350,"[""2633""]"
1355,"[""1325""]"
1357,[]
1358,[]
1359,[]
1360,[]
1361,[]
1364,[]
1365,[]
1475,[]
1675,[]
1676,[]
2073,"[""239""]"
2193,[]
2238,[]
2390,[]
2393,[]
2419,[]
2421,"[""471""]"
2422,[]
2425,[]
2430,"[""92""]"
2435,[]
2436,[]
2438,[]
2459,[]
2463,[]
2467,[]
2470,[]
2523,"[""182""]"
2525,[]
2526,[]
2527,"[""158""]"
2529,[]
2530,[]
2531,[]
2532,"[""2781""]"
2533,[]
2534,[]
2535,[]
2536,[]
2537,[]
2538,[]
2539,[]
2579,[]
2604,[]
2605,[]
2608,[]
2610,[]
2614,[]
2618,[]
2619,[]
2620,[]
2621,[]
2623,[]
2628,[]
2629,[]
2630,[]
2632,[]
2633,"[""1350""]"
2635,[]
2637,[]
2638,"[""242""]"
2639,[]
2640,[]
2641,"[""1342""]"
2644,"[""1197""]"
2645,[]
2649,[]
2650,[]
2651,[]
2652,[]
2655,"[""1330"",""2753"",""3329""]"
2656,[]
2658,[]
2659,[]
2660,"[""2743"",""2905""]"
2661,"[""2840""]"
2662,[]
2663,[]
2664,[]
2665,[]
2667,"[""445""]"
2668,[]
2670,[]
2671,[]
2672,[]
2673,[]
2676,[]
2677,[]
2678,[]
2679,[]
2680,[]
2682,[]
2683,[]
2684,[]
2686,[]
2687,"[""1080""]"
2688,[]
2689,[]
2690,[]
2691,[]
2692,[]
2693,[]
2694,"[""316""]"
2696,[]
2697,[]
2698,[]
2699,[]
2701,"[""445""]"
2703,[]
2704,[]
2705,[]
2706,"[""167""]"
2707,[]
2708,[]
2709,[]
2710,[]
2711,[]
2712,[]
2714,[]
2715,[]
2716,[]
2719,[]
2722,[]
2723,[]
2724,[]
2725,[]
2726,"[""445""]"
2727,[]
2728,[]
2729,[]
2730,[]
2731,[]
2734,[]
2735,[]
2736,[]
2737,[]
2739,[]
2740,"[""189""]"
2741,[]
2742,"[""207""]"
2743,"[""2660"",""2905""]"
2744,"[""3928""]"
2745,[]
2746,[]
2747,"[""3208""]"
2748,"[""2743"",""2905""]"
2749,[]
2753,"[""1330"",""2655"",""3329""]"
2754,[]
2756,"[""361"",""1316"",""1321"",""2771""]"
2757,[]
2758,[]
2759,"[""234"",""253"",""1276""]"
2760,"[""295""]"
2761,[]
2762,[]
2763,[]
2764,[]
2765,[]
2766,[]
2767,[]
2768,[]
2770,[]
2771,"[""1275"",""2756""]"
2772,[]
2774,[]
2775,"[""239""]"
2776,[]
2777,[]
2778,[]
2780,[]
2781,[]
2782,[]
2783,"[""2833""]"
2784,"[""812""]"
2786,"[""167""]"
2787,[]
2788,[]
2789,[]
2790,[]
2791,[]
2794,"[""295""]"
2795,"[""445""]"
2796,"[""2818""]"
2797,"[""3205""]"
2798,[]
2801,"[""239"",""1014"",""2759""]"
2807,[]
2811,[]
2812,[]
2814,"[""1287""]"
2815,[]
2816,[]
2817,[]
2818,[]
2819,[]
2820,[]
2821,[]
2822,[]
2823,[]
2824,[]
2825,[]
2826,[]
2827,"[""1330"",""2753""]"
2829,[]
2830,[]
2833,[]
2835,"[""281""]"
2838,[]
2840,[]
2842,[]
2844,[]
2845,[]
2848,[]
2849,[]
2850,[]
2857,[]
2858,[]
2860,[]
2861,[]
2862,"[""2824""]"
2864,[]
2865,[]
2867,[]
2869,[]
2870,[]
2871,[]
2875,[]
2876,"[""2882""]"
2877,"[""239""]"
2879,[]
2881,[]
2882,[]
2883,"[""2905""]"
2884,[]
2885,[]
2887,[]
2890,[]
2891,[]
2894,[]
2896,[]
2899,[]
2900,[]
2903,[]
2904,[]
2905,"[""39""]"
2907,[]
2908,[]
2910,[]
2911,"[""269""]"
2912,[]
2914,[]
2915,[]
2919,[]
2920,"[""254"",""571""]"
2921,[]
2922,[]
2925,[]
2926,[]
2927,"[""778"",""1011"",""1090""]"
2928,"[""242"",""275""]"
2929,[]
2931,[]
2932,[]
2934,[]
2936,[]
2937,[]
2939,[]
2940,[]
2941,[]
2942,[]
2943,[]
2944,[]
2946,[]
2947,[]
2949,[]
2950,[]
2951,[]
2952,"[""1340""]"
2953,"[""704""]"
2954,[]
2955,[]
2957,[]
2958,[]
2959,[]
2960,[]
2961,"[""789""]"
2962,"[""778""]"
2965,[]
2966,[]
2969,"[""294"",""296""]"
2970,"[""239""]"
2972,[]
2974,"[""2756""]"
2977,"[""488"",""3162""]"
2978,[]
2979,[]
2981,[]
2984,[]
2985,[]
2986,[]
2987,[]
2988,[]
2989,[]
2990,"[""1165""]"
2991,[]
2992,[]
2993,[]
2995,[]
2996,"[""829"",""860"",""3113""]"
2997,[]
2998,[]
2999,"[""245""]"
3000,[]
3001,"[""2743""]"
3002,[]
3003,[]
3004,[]
3005,"[""241"",""3051""]"
3006,[]
3007,"[""416""]"
3008,[]
3009,[]
3011,[]
3012,[]
3013,[]
3014,"[""2743""]"
3015,"[""1014"",""2759"",""2920"",""3123""]"
3016,"[""758""]"
3017,"[""239"",""1014"",""2759""]"
3018,[]
3019,"[""413""]"
3020,[]
3022,[]
3024,[]
3025,[]
3026,[]
3027,[]
3029,[]
3030,"[""207""]"
3032,[]
3035,[]
3044,[]
3045,[]
3050,[]
3051,[]
3052,[]
3054,[]
3056,[]
3057,[]
3058,[]
3062,[]
3063,[]
3066,[]
3067,[]
3068,[]
3071,"[""1211""]"
3074,[]
3076,[]
3078,[]
3079,"[""590""]"
3080,[]
3082,[]
3083,[]
3084,"[""3927""]"
3085,[]
3087,[]
3088,[]
3089,[]
3091,[]
3092,[]
3095,[]
3096,"[""515""]"
3098,"[""373""]"
3101,[]
3102,[]
3105,"[""104"",""745""]"
3106,[]
3110,"[""830""]"
3112,[]
3113,"[""214""]"
3114,[]
3115,[]
3117,[]
3119,[]
3120,"[""24"",""860"",""3113""]"
3121,[]
3123,"[""3156"",""3159""]"
3124,[]
3126,"[""3058""]"
3129,"[""2882""]"
3130,[]
3131,"[""3019""]"
3132,[]
3133,[]
3134,[]
3135,[]
3136,[]
3137,[]
3138,"[""3123"",""3170""]"
3139,"[""3123""]"
3140,"[""3123"",""3170""]"
3141,[]
3142,"[""3123""]"
3143,"[""3123""]"
3144,"[""3123""]"
3145,"[""3123""]"
3146,"[""3123""]"
3147,"[""3123"",""3170""]"
3148,"[""3123"",""3170""]"
3149,"[""3123"",""3170""]"
3150,[]
3152,"[""3159""]"
3153,[]
3154,[]
3156,"[""3123""]"
3157,[]
3159,"[""3123""]"
3161,"[""322""]"
3162,"[""1316"",""2523"",""2756""]"
3163,"[""3159""]"
3165,[]
3166,"[""3159""]"
3167,"[""3159""]"
3169,[]
3170,[]
3171,[]
3172,[]
3173,[]
3174,"[""890"",""1079""]"
3175,[]
3177,"[""3927""]"
3178,[]
3179,[]
3180,[]
3183,[]
3184,[]
3185,[]
3186,[]
3189,"[""3328""]"
3190,[]
3191,[]
3192,[]
3193,[]
3194,[]
3195,[]
3196,[]
3199,"[""214""]"
3202,[]
3203,"[""445""]"
3204,"[""3204""]"
3205,"[""2771""]"
3206,[]
3208,[]
3209,[]
3211,"[""239""]"
3212,[]
3214,"[""830""]"
3216,[]
3217,[]
3218,[]
3219,[]
3221,[]
3222,[]
3223,[]
3224,"[""248""]"
3225,[]
3226,[]
3227,[]
3228,[]
3229,[]
3233,[]
3234,[]
3235,[]
3236,[]
3237,[]
3238,[]
3239,[]
3241,[]
3242,[]
3244,"[""68""]"
3245,[]
3246,[]
3247,[]
3248,[]
3249,[]
3250,[]
3251,[]
3252,"[""247""]"
3253,"[""265""]"
3254,"[""1014"",""2759""]"
3256,[]
3257,[]
3259,[]
3260,[]
3261,[]
3263,[]
3264,[]
3265,[]
3266,[]
3267,[]
3269,[]
3270,"[""3264""]"
3273,"[""3264""]"
3274,[]
3275,[]
3276,[]
3277,[]
3278,[]
3281,[]
3283,[]
3284,[]
3285,[]
3286,"[""257""]"
3287,[]
3288,"[""1292""]"
3289,[]
3290,[]
3291,[]
3292,[]
3294,[]
3296,[]
3299,[]
3300,"[""2736""]"
3302,[]
3304,[]
3309,"[""153""]"
3310,[]
3311,[]
3312,[]
3313,[]
3314,[]
3315,[]
3316,[]
3317,[]
3318,[]
3319,[]
3322,[]
3323,[]
3324,[]
3328,"[""248"",""1200""]"
3329,"[""1330"",""2753""]"
3332,[]
3333,[]
3336,[]
3465,[]
3723,[]
3725,"[""59"",""68""]"
3742,[]
3770,[]
3927,"[""3177""]"
3928,[]
